created_at,followers_count,friends_count,handle,hashtags,retweet,symbols,tweet,tweet_id,user_location,user_mentions
Thu Oct 29 15:18:16 +0000 2020,1088.0,625.0,sweetaidpapi,[],1.0,[],"New trailer for ‚ÄòThe Crown‚Äô Season 4 streaming on @Netflix November 15th. üëë

 https://t.co/KZswmxodBZ",1.3218337370053796e+18,MAXWELLHYLL,"[{'screen_name': 'PopCrave', 'name': 'Pop Crave', 'id': 4429003533, 'id_str': '4429003533', 'indices': [3, 12]}, {'screen_name': 'netflix', 'name': 'Netflix', 'id': 16573941, 'id_str': '16573941', 'indices': [64, 72]}]"
Thu Oct 29 15:18:08 +0000 2020,133.0,77.0,PeterMaier36,[],0.0,[],"@bravebluewrld @Water @netflix The real sad part is that EPA already in 1978 acknowledged that not only much better sewage treatment was available, but could be built and operated a way lower cost. Dr.Pasveer developed the oxidation ditch in 1948,but still ignored due to incorrect testing! https://t.co/gMYvnrgLPU",1.321833704512123e+18,"Stansbury, UT","[{'screen_name': 'bravebluewrld', 'name': 'Brave Blue World', 'id': 1052871811426410496, 'id_str': '1052871811426410496', 'indices': [0, 14]}, {'screen_name': 'Water', 'name': 'Water.org', 'id': 19673700, 'id_str': '19673700', 'indices': [15, 21]}, {'screen_name': 'netflix', 'name': 'Netflix', 'id': 16573941, 'id_str': '16573941', 'indices': [22, 30]}]"
Thu Oct 29 15:17:58 +0000 2020,3819.0,700.0,chihohoho,"[{'text': 'NowWatching', 'indices': [0, 12]}]",0.0,[],"#NowWatching @netflix Blood of Zeus. If Grolier told this Greek tale, they probably don't need to hard sell their book that... erm, hard.",1.321833664385151e+18,Worldwide,"[{'screen_name': 'netflix', 'name': 'Netflix', 'id': 16573941, 'id_str': '16573941', 'indices': [13, 21]}]"
Thu Oct 29 15:17:56 +0000 2020,445.0,686.0,katecambridge24,[],1.0,[],"New trailer for ‚ÄòThe Crown‚Äô Season 4 streaming on @Netflix November 15th. üëë

 https://t.co/KZswmxodBZ",1.321833655870853e+18,USA,"[{'screen_name': 'PopCrave', 'name': 'Pop Crave', 'id': 4429003533, 'id_str': '4429003533', 'indices': [3, 12]}, {'screen_name': 'netflix', 'name': 'Netflix', 'id': 16573941, 'id_str': '16573941', 'indices': [64, 72]}]"
Thu Oct 29 15:17:53 +0000 2020,1365.0,1633.0,cinansdl,[],1.0,[],"New trailer for ‚ÄòThe Crown‚Äô Season 4 streaming on @Netflix November 15th. üëë

 https://t.co/KZswmxodBZ",1.3218336409307177e+18,,"[{'screen_name': 'PopCrave', 'name': 'Pop Crave', 'id': 4429003533, 'id_str': '4429003533', 'indices': [3, 12]}, {'screen_name': 'netflix', 'name': 'Netflix', 'id': 16573941, 'id_str': '16573941', 'indices': [64, 72]}]"
Thu Oct 29 15:17:51 +0000 2020,72.0,237.0,nurudeen_wadata,[],0.0,[],@yammama @netflix I will create time to watch it.,1.321833632214995e+18,"Kano, Nigeria","[{'screen_name': 'yammama', 'name': 'Nasir Yammama', 'id': 107683733, 'id_str': '107683733', 'indices': [0, 8]}, {'screen_name': 'netflix', 'name': 'Netflix', 'id': 16573941, 'id_str': '16573941', 'indices': [9, 17]}]"
Thu Oct 29 15:17:50 +0000 2020,440.0,357.0,AyeViaJae,[],0.0,[],@netflix Harry Potter really coming in November ?,1.3218336295472906e+18,562,"[{'screen_name': 'netflix', 'name': 'Netflix', 'id': 16573941, 'id_str': '16573941', 'indices': [0, 8]}]"
Thu Oct 29 15:17:36 +0000 2020,384.0,269.0,geeedanieel,[],1.0,[],I never thought¬†I would be casting a young me in a show about my life. I can‚Äôt wait for the world to see @ItsJadenMichael be an all-star on @netflix #ColinInBlackAndWhite¬†@ava https://t.co/ygb4F4kgM5,1.3218335729411564e+18,,"[{'screen_name': 'Kaepernick7', 'name': 'Colin Kaepernick', 'id': 45055696, 'id_str': '45055696', 'indices': [3, 15]}, {'screen_name': 'ItsJadenMichael', 'name': 'Jaden Michael', 'id': 583363034, 'id_str': '583363034', 'indices': [122, 138]}]"
Thu Oct 29 15:17:25 +0000 2020,178.0,250.0,PilarM97,[],1.0,[],"New trailer for ‚ÄòThe Crown‚Äô Season 4 streaming on @Netflix November 15th. üëë

 https://t.co/KZswmxodBZ",1.3218335246814454e+18,,"[{'screen_name': 'PopCrave', 'name': 'Pop Crave', 'id': 4429003533, 'id_str': '4429003533', 'indices': [3, 12]}, {'screen_name': 'netflix', 'name': 'Netflix', 'id': 16573941, 'id_str': '16573941', 'indices': [64, 72]}]"
Thu Oct 29 15:17:22 +0000 2020,115.0,67.0,wiz0money,"[{'text': 'QueensGambit', 'indices': [38, 51]}, {'text': 'chess', 'indices': [65, 71]}]",0.0,[],"@netflix really impressed me with the #QueensGambit series. As a #chess enthusiast, I must say, they really captured the way those games went and how ones heart can get in ones mouth based on a single move. 
Great work! üòä",1.3218335117714268e+18,Nigeria,"[{'screen_name': 'netflix', 'name': 'Netflix', 'id': 16573941, 'id_str': '16573941', 'indices': [0, 8]}]"
Thu Oct 29 15:17:16 +0000 2020,544.0,558.0,tobyblackman,[],1.0,[],"All I want for Christmas, @Netflix, is for you to commission a series inspired by this photo https://t.co/Eh9pVPPTdP",1.3218334878848164e+18,,"[{'screen_name': 'kassiastclair', 'name': 'Kassia St Clair', 'id': 47983418, 'id_str': '47983418', 'indices': [3, 17]}, {'screen_name': 'netflix', 'name': 'Netflix', 'id': 16573941, 'id_str': '16573941', 'indices': [45, 53]}]"
Thu Oct 29 15:17:14 +0000 2020,152.0,539.0,khaleelsham,[],1.0,[],'Print the Legend' on @netflix is tremendously good and you should watch it if you haven't. Made in 2014 but it's every entrepreneur's must see film. It's about 3D printing as much as all technology and the human condition in business and innovation.,1.321833480725123e+18,"Kano, Nigeria","[{'screen_name': 'yammama', 'name': 'Nasir Yammama', 'id': 107683733, 'id_str': '107683733', 'indices': [3, 11]}, {'screen_name': 'netflix', 'name': 'Netflix', 'id': 16573941, 'id_str': '16573941', 'indices': [35, 43]}]"
Thu Oct 29 15:17:13 +0000 2020,761.0,83.0,giesbert,[],0.0,[],"@katyjon @cartoonist @netflix @TheCrownNetflix For me her most impressive appearance was in ‚ÄûBleakhouse‚Äú (BBC). (Excuse my poor English, which may sound a bit rude)",1.3218334749705544e+18,M√ºnchen,"[{'screen_name': 'katyjon', 'name': 'Katy Jon Went', 'id': 21356985, 'id_str': '21356985', 'indices': [0, 8]}, {'screen_name': 'cartoonist', 'name': 'Ralf Zeigermann', 'id': 12123942, 'id_str': '12123942', 'indices': [9, 20]}, {'screen_name': 'netflix', 'name': 'Netflix', 'id': 16573941, 'id_str': '16573941', 'indices': [21, 29]}, {'screen_name': 'TheCrownNetflix', 'name': 'The Crown', 'id': 715177919438577664, 'id_str': '715177919438577664', 'indices': [30, 46]}]"
Thu Oct 29 15:17:05 +0000 2020,259.0,64.0,NetflixTheQG,[],1.0,[],"The Queen's Gambit on @netflix is absolutely magnificent (2 eps in). The writing, acting, direction, camera work, costumes, art direction - all of it.
@NetflixTheQG",1.3218334391512474e+18,"Kentucky, USA","[{'screen_name': 'ryanblackwell', 'name': 'Ryan Blackwell', 'id': 121885965, 'id_str': '121885965', 'indices': [3, 17]}, {'screen_name': 'netflix', 'name': 'Netflix', 'id': 16573941, 'id_str': '16573941', 'indices': [41, 49]}]"
Thu Oct 29 15:17:02 +0000 2020,2187.0,4958.0,JugglingFitness,[],0.0,[],@TheUnicornCBS @netflix @CBSAllAccess This is a cute show!,1.3218334264885944e+18,"Alexandria, VA","[{'screen_name': 'TheUnicornCBS', 'name': 'The Unicorn', 'id': 1110982225833582592, 'id_str': '1110982225833582592', 'indices': [0, 14]}, {'screen_name': 'netflix', 'name': 'Netflix', 'id': 16573941, 'id_str': '16573941', 'indices': [15, 23]}, {'screen_name': 'CBSAllAccess', 'name': 'CBS All Access', 'id': 922928836836130816, 'id_str': '922928836836130816', 'indices': [24, 37]}]"
Thu Oct 29 15:17:01 +0000 2020,55.0,40.0,oystarislands,[],0.0,[],"@sparklinqrose Lol I love this energy, neechan! Cmon @netflix I want my own show",1.3218334243997368e+18,nsa,"[{'screen_name': 'sparklinqrose', 'name': 'ùêäùê¢ùê§ùê®', 'id': 1050261390303219712, 'id_str': '1050261390303219712', 'indices': [0, 14]}, {'screen_name': 'netflix', 'name': 'Netflix', 'id': 16573941, 'id_str': '16573941', 'indices': [53, 61]}]"
Thu Oct 29 15:16:54 +0000 2020,340.0,400.0,violaleanne226,[],0.0,[],@Scholastic @netflix @netflixfamily I just rewatched the first season last weekend.  Yay for more!,1.3218333961637437e+18,"Boston, MA","[{'screen_name': 'Scholastic', 'name': 'Scholastic', 'id': 14342018, 'id_str': '14342018', 'indices': [0, 11]}, {'screen_name': 'netflix', 'name': 'Netflix', 'id': 16573941, 'id_str': '16573941', 'indices': [12, 20]}, {'screen_name': 'netflixfamily', 'name': 'Netflix Family', 'id': 909487938945261568, 'id_str': '909487938945261568', 'indices': [21, 35]}]"
Thu Oct 29 15:16:49 +0000 2020,168.0,281.0,MatoMaoto,[],1.0,[],Did you know that Guo Pei ‚Äî the incredible fashion designer behind Rihanna‚Äôs iconic 2015 Met Gala gown ‚Äî also created the dazzling costumes Chang'e wears in Over The Moon. https://t.co/HgDRpRZY00,1.3218333739254702e+18,‡∏õ‡∏£‡∏∞‡πÄ‡∏ó‡∏®‡πÑ‡∏ó‡∏¢,"[{'screen_name': 'netflix', 'name': 'Netflix', 'id': 16573941, 'id_str': '16573941', 'indices': [3, 11]}]"
Thu Oct 29 15:16:47 +0000 2020,782.0,542.0,followbl,[],1.0,[],"Learn how co-founders @Laceykaelani &amp; @followbl of Antler-backed @castingdepot managed to achieve this year a 446% MoM increase in talent user growth and field casting calls from industry players like @Netflix, @hbomax, @twitch, @bumble, @verizon, &amp; @mtv.
https://t.co/l3Dsut9Vws",1.3218333641444024e+18,"Brooklyn, NY","[{'screen_name': 'AntlerGlobal', 'name': 'Antler', 'id': 1032885581049524226, 'id_str': '1032885581049524226', 'indices': [3, 16]}, {'screen_name': 'Laceykaelani', 'name': 'Lacey Kaelani', 'id': 701915894, 'id_str': '701915894', 'indices': [40, 53]}, {'screen_name': 'followbl', 'name': 'Brad Larson', 'id': 285243804, 'id_str': '285243804', 'indices': [60, 69]}, {'screen_name': 'castingdepot', 'name': 'castingdepot', 'id': 1080861516864339969, 'id_str': '1080861516864339969', 'indices': [87, 100]}]"
Thu Oct 29 15:16:33 +0000 2020,879.0,1205.0,v2kdevice,"[{'text': 'Holidate', 'indices': [22, 31]}]",1.0,[],Rom-com #Holidate starring Emma Roberts and Luke Bracey is now streaming on @Netflix. https://t.co/ljWAyNlbTD,1.3218333066699325e+18,World,"[{'screen_name': 'PopCrave', 'name': 'Pop Crave', 'id': 4429003533, 'id_str': '4429003533', 'indices': [3, 12]}, {'screen_name': 'netflix', 'name': 'Netflix', 'id': 16573941, 'id_str': '16573941', 'indices': [90, 98]}]"
Thu Oct 29 15:16:27 +0000 2020,360.0,464.0,fancyceddy,"[{'text': 'TheQueensGambit', 'indices': [21, 37]}, {'text': 'Netflix', 'indices': [38, 46]}]",0.0,[],"‚ú®n e w  l a y o u t‚ú®
#TheQueensGambit
#Netflix  @netflix https://t.co/E5VjkdjnPm",1.3218332813865492e+18,he/him  ||  +63,"[{'screen_name': 'netflix', 'name': 'Netflix', 'id': 16573941, 'id_str': '16573941', 'indices': [48, 56]}]"
Thu Oct 29 15:16:21 +0000 2020,83.0,196.0,kent_graham,[],1.0,[],"Fun fact: There are no hidden cuts in the iconic Poltergeist scene where Diane turns to find her kitchen chairs stacked. As the camera pans to follow her, the crew quickly took the single chairs away and placed a pre-constructed chair pyramid on the table https://t.co/kO4FdWGH5h",1.321833256493351e+18,"California, USA","[{'screen_name': 'netflix', 'name': 'Netflix', 'id': 16573941, 'id_str': '16573941', 'indices': [3, 11]}]"
Thu Oct 29 15:16:17 +0000 2020,23.0,234.0,DanJPetock,"[{'text': 'mabsdrawlloweenclub', 'indices': [148, 168]}, {'text': 'mabgraves', 'indices': [169, 179]}, {'text': 'thehauntingofblymanor', 'indices': [180, 202]}, {'text': 'blymanor', 'indices': [203, 212]}, {'text': 'theturnofthescrew', 'indices': [236, 254]}]",0.0,[],"She would sleep. She would wake. She would walk.

Viola from the expertly directed (by @AxelleCarolyn ) episode 8 for yesterday‚Äôs prompt: haunted.

#mabsdrawlloweenclub #mabgraves #thehauntingofblymanor #blymanor @flanaganfilm @netflix #theturnofthescrew @k8siegel @haunting https://t.co/oSmjuJusAN",1.3218332411003249e+18,New York,"[{'screen_name': 'AxelleCarolyn', 'name': 'Axelle Carolyn', 'id': 119400822, 'id_str': '119400822', 'indices': [87, 101]}, {'screen_name': 'flanaganfilm', 'name': 'Mike Flanagan', 'id': 240413164, 'id_str': '240413164', 'indices': [213, 226]}, {'screen_name': 'netflix', 'name': 'Netflix', 'id': 16573941, 'id_str': '16573941', 'indices': [227, 235]}, {'screen_name': 'k8siegel', 'name': 'Kate Siegel', 'id': 618625375, 'id_str': '618625375', 'indices': [255, 264]}, {'screen_name': 'haunting', 'name': 'The Haunting of Bly Manor', 'id': 1026515445090672640, 'id_str': '1026515445090672640', 'indices': [265, 274]}]"
Thu Oct 29 15:16:15 +0000 2020,78.0,299.0,JPtaszyk,"[{'text': 'KMM', 'indices': [63, 67]}]",1.0,[],"üì¢ @netflix Android and iOS apps are now powered by #KMM! üòé

Learn how KMM helps tech giant Netflix optimize product reliability and speed of delivery, crucial for serving their customers' constantly evolving needs! ‚¨áÔ∏è https://t.co/g7SEfSeUvI",1.32183323082428e+18,"Oberhausen, Deutschland","[{'screen_name': 'kotlin', 'name': 'Kotlin', 'id': 334678478, 'id_str': '334678478', 'indices': [3, 10]}, {'screen_name': 'netflix', 'name': 'Netflix', 'id': 16573941, 'id_str': '16573941', 'indices': [14, 22]}]"
Thu Oct 29 15:16:05 +0000 2020,188.0,192.0,anchomeni,[],0.0,[],"@that_happy_emo_ @rocksound @netflix knowing netflix, they‚Äôd cast a bunch of underage kids &amp; ruin it üòû",1.32183318956075e+18,20 | MIA,"[{'screen_name': 'that_happy_emo_', 'name': 'Liam üè≥Ô∏è\u200düåà', 'id': 1037060148873834496, 'id_str': '1037060148873834496', 'indices': [0, 16]}, {'screen_name': 'rocksound', 'name': 'Rock Sound', 'id': 14451605, 'id_str': '14451605', 'indices': [17, 27]}, {'screen_name': 'netflix', 'name': 'Netflix', 'id': 16573941, 'id_str': '16573941', 'indices': [28, 36]}]"
Thu Oct 29 15:15:56 +0000 2020,4444.0,1679.0,SarahEFranklin,[],1.0,[],"Fun fact: There are no hidden cuts in the iconic Poltergeist scene where Diane turns to find her kitchen chairs stacked. As the camera pans to follow her, the crew quickly took the single chairs away and placed a pre-constructed chair pyramid on the table https://t.co/kO4FdWGH5h",1.321833150260138e+18,,"[{'screen_name': 'netflix', 'name': 'Netflix', 'id': 16573941, 'id_str': '16573941', 'indices': [3, 11]}]"
Thu Oct 29 15:15:54 +0000 2020,482.0,190.0,ESBad_Blood,[],1.0,[],"New trailer for ‚ÄòThe Crown‚Äô Season 4 streaming on @Netflix November 15th. üëë

 https://t.co/KZswmxodBZ",1.3218331431128842e+18,M√©xico,"[{'screen_name': 'PopCrave', 'name': 'Pop Crave', 'id': 4429003533, 'id_str': '4429003533', 'indices': [3, 12]}, {'screen_name': 'netflix', 'name': 'Netflix', 'id': 16573941, 'id_str': '16573941', 'indices': [64, 72]}]"
Thu Oct 29 15:15:50 +0000 2020,3669.0,1552.0,_Kyoshaaa,[],1.0,[],My Favorite üò© @netflix please üëÄ https://t.co/OqknlyyJzr,1.3218331261218857e+18,,"[{'screen_name': 'SlimmPretty19', 'name': 'DatBabeü¶Ñ', 'id': 562776223, 'id_str': '562776223', 'indices': [3, 17]}, {'screen_name': 'netflix', 'name': 'Netflix', 'id': 16573941, 'id_str': '16573941', 'indices': [33, 41]}]"
Thu Oct 29 15:15:41 +0000 2020,6088.0,1418.0,brettwhite,[],1.0,[],".@RobertsEmma and @lukebracey hook up for @Netflix's rowdiest holiday romcom to date. üçÜ‚ù§Ô∏èüéÑ

Our @LittleLeaP and @brettwhite can help you decide if you should stream or skip #Holidate: https://t.co/nq8bmwlkyo #SIOSI https://t.co/9vuTxe3wDS",1.3218330877272146e+18,New York City,"[{'screen_name': 'decider', 'name': 'Decider', 'id': 2479845637, 'id_str': '2479845637', 'indices': [3, 11]}, {'screen_name': 'RobertsEmma', 'name': 'Emma Roberts', 'id': 27678749, 'id_str': '27678749', 'indices': [14, 26]}, {'screen_name': 'lukebracey', 'name': 'Luke Bracey', 'id': 2361748604, 'id_str': '2361748604', 'indices': [31, 42]}, {'screen_name': 'netflix', 'name': 'Netflix', 'id': 16573941, 'id_str': '16573941', 'indices': [55, 63]}, {'screen_name': 'LittleLeaP', 'name': 'Lea Palmieri', 'id': 15068860, 'id_str': '15068860', 'indices': [109, 120]}, {'screen_name': 'brettwhite', 'name': 'Brett White üéÉ VOTE OR WE ARE DüéÉüéÉMED', 'id': 16583750, 'id_str': '16583750', 'indices': [125, 136]}]"
Thu Oct 29 15:15:38 +0000 2020,1224.0,441.0,2AdDiCted2,"[{'text': 'TheCrown', 'indices': [75, 84]}]",1.0,[],"Ohhhhh sweet Mary...

My anticipation for this season of #TheCrown is off the charts now after this NEWEST trailer from @netflix . 

#GillianAnderson is looking and sounding incredible as Thatcher. Looks like they‚Äôre fully diving into the destruction of Diana. 

November 15th... https://t.co/eNQsVdD0sh",1.3218330759496212e+18,,"[{'screen_name': 'TheRochaSays', 'name': 'John Rocha', 'id': 12754772, 'id_str': '12754772', 'indices': [3, 16]}]"
Thu Oct 29 15:15:29 +0000 2020,288.0,254.0,caitie_mcl,[],1.0,[],"Fun fact: There are no hidden cuts in the iconic Poltergeist scene where Diane turns to find her kitchen chairs stacked. As the camera pans to follow her, the crew quickly took the single chairs away and placed a pre-constructed chair pyramid on the table https://t.co/kO4FdWGH5h",1.3218330394549002e+18,"Michigan, USA","[{'screen_name': 'netflix', 'name': 'Netflix', 'id': 16573941, 'id_str': '16573941', 'indices': [3, 11]}]"
Thu Oct 29 15:15:28 +0000 2020,49.0,56.0,sanjana_shiv,[],0.0,[],"@henry_thunder @michaeljkellyjr @KevinSpacey @HouseofCards @NetflixIndia @netflix Hold up, Doug killed Francis right?",1.321833036044923e+18,"Bengaluru South, Karnataka","[{'screen_name': 'henry_thunder', 'name': 'Son Of Carpenter üë∑üèø\u200d‚ôÇÔ∏è', 'id': 2397195743, 'id_str': '2397195743', 'indices': [0, 14]}, {'screen_name': 'michaeljkellyjr', 'name': 'Michael Kelly', 'id': 1134531883, 'id_str': '1134531883', 'indices': [15, 31]}, {'screen_name': 'KevinSpacey', 'name': 'Kevin Spacey', 'id': 27457788, 'id_str': '27457788', 'indices': [32, 44]}, {'screen_name': 'HouseofCards', 'name': 'House of Cards', 'id': 1023096199, 'id_str': '1023096199', 'indices': [45, 58]}, {'screen_name': 'NetflixIndia', 'name': 'Netflix India', 'id': 4502936240, 'id_str': '4502936240', 'indices': [59, 72]}, {'screen_name': 'netflix', 'name': 'Netflix', 'id': 16573941, 'id_str': '16573941', 'indices': [73, 81]}]"
Thu Oct 29 15:15:18 +0000 2020,166.0,250.0,CHopeZianoBaby,[],0.0,[],Barbarians got me hook @netflix,1.3218329933971988e+18,Paris-Vancity,"[{'screen_name': 'netflix', 'name': 'Netflix', 'id': 16573941, 'id_str': '16573941', 'indices': [23, 31]}]"
Thu Oct 29 15:15:15 +0000 2020,110.0,115.0,xXjai4evaXx,[],0.0,[],@genericbeezy @EaudAlice @patriotgirl5 @netflix @warnerbrostv @JBFilms I get the feeling that it‚Äôs going to have to be our imagination that we use to present the fact that their having sex etc rather than actually seeing any sort of physical contact. I think it was Joe who said that there wasn‚Äôt any kissing etc happening üò©üò©üòàüòà,1.3218329794009825e+18,United Kingdom,"[{'screen_name': 'genericbeezy', 'name': 'Brandiüíõüòªüòà', 'id': 1259943279577055233, 'id_str': '1259943279577055233', 'indices': [0, 13]}, {'screen_name': 'EaudAlice', 'name': 'Miss Vamp', 'id': 480631005, 'id_str': '480631005', 'indices': [14, 24]}, {'screen_name': 'patriotgirl5', 'name': 'patriotgirl5', 'id': 322022153, 'id_str': '322022153', 'indices': [25, 38]}, {'screen_name': 'netflix', 'name': 'Netflix', 'id': 16573941, 'id_str': '16573941', 'indices': [39, 47]}, {'screen_name': 'warnerbrostv', 'name': 'Warner Bros. TV', 'id': 18256664, 'id_str': '18256664', 'indices': [48, 61]}, {'screen_name': 'JBFilms', 'name': 'BRUCKHEIMER FILMS/TV', 'id': 147769291, 'id_str': '147769291', 'indices': [62, 70]}]"
Thu Oct 29 15:15:12 +0000 2020,8.0,31.0,psychelenya,[],0.0,[],"@netflix 

Them: you drink everyday 

ME: https://t.co/ILELbLsAm2",1.3218329673296527e+18,Philippines ,"[{'screen_name': 'netflix', 'name': 'Netflix', 'id': 16573941, 'id_str': '16573941', 'indices': [0, 8]}]"
Thu Oct 29 15:15:11 +0000 2020,9136.0,4726.0,wearesober,[],0.0,[],"‚ÄúEverything‚Äôs Fine‚Äù by @sarahcpr (via @netflix) is making everything fine, at least for these next 49  minutes. So many LOLs. https://t.co/0iV1xpzRHw",1.321832963521323e+18,DC Metro Area,"[{'screen_name': 'sarahcpr', 'name': 'Sarah Cooper', 'id': 14642495, 'id_str': '14642495', 'indices': [23, 32]}, {'screen_name': 'netflix', 'name': 'Netflix', 'id': 16573941, 'id_str': '16573941', 'indices': [38, 46]}]"
Thu Oct 29 15:15:10 +0000 2020,1423.0,2143.0,winkler32,[],0.0,[],".@sarahcpr comedy @netflix special ‚ÄòSarah Cooper: Everything‚Äôs Fine‚Äô was very funny, original, and had surprise cameos from some cool celebrities. Everyone go check it out!",1.321832959075373e+18,"Fort Worth, TX","[{'screen_name': 'sarahcpr', 'name': 'Sarah Cooper', 'id': 14642495, 'id_str': '14642495', 'indices': [1, 10]}, {'screen_name': 'netflix', 'name': 'Netflix', 'id': 16573941, 'id_str': '16573941', 'indices': [18, 26]}]"
Thu Oct 29 15:15:08 +0000 2020,133.0,414.0,Cobas01,[],1.0,[],"If you see Seraphim coming your way, what is your first instinct? Our artists did a fantastic job in designing him and his voice still haunts us. Watch #BloodofZeus on @netflix to find out about his tragic past and see some of his brutal misdeeds. @NXOnNetflix https://t.co/Svjr4Ml9hu",1.32183294838408e+18,Argentina,"[{'screen_name': 'powerhouseanim', 'name': 'Powerhouse Animation', 'id': 158773106, 'id_str': '158773106', 'indices': [3, 18]}]"
Thu Oct 29 15:15:03 +0000 2020,173.0,306.0,MM_USA_2020,[],0.0,[],"@klaw1991 @Kaepernick7 @netflix While I like some of there stuff, wasn't a fan of how woke Grand Army was recently. Though Netflix, Hulu, and Amazon Prime all have deals with questionable people.",1.321832928981209e+18,"Florida, USA","[{'screen_name': 'klaw1991', 'name': 'Kyle Lawrence-Amore Patriae', 'id': 1283433385357000704, 'id_str': '1283433385357000704', 'indices': [0, 9]}, {'screen_name': 'Kaepernick7', 'name': 'Colin Kaepernick', 'id': 45055696, 'id_str': '45055696', 'indices': [10, 22]}, {'screen_name': 'netflix', 'name': 'Netflix', 'id': 16573941, 'id_str': '16573941', 'indices': [23, 31]}]"
Thu Oct 29 15:15:00 +0000 2020,50.0,124.0,SchuckTales,[],0.0,[],@TheUnicornCBS @LaDonyaWms @netflix @CBSAllAccess Is that the guy from the Carmax commercial?,1.321832915161043e+18,"Bergen, NY","[{'screen_name': 'TheUnicornCBS', 'name': 'The Unicorn', 'id': 1110982225833582592, 'id_str': '1110982225833582592', 'indices': [0, 14]}, {'screen_name': 'LaDonyaWms', 'name': 'La Donya Williams', 'id': 172997129, 'id_str': '172997129', 'indices': [15, 26]}, {'screen_name': 'netflix', 'name': 'Netflix', 'id': 16573941, 'id_str': '16573941', 'indices': [27, 35]}, {'screen_name': 'CBSAllAccess', 'name': 'CBS All Access', 'id': 922928836836130816, 'id_str': '922928836836130816', 'indices': [36, 49]}]"
Thu Oct 29 15:14:50 +0000 2020,1.0,12.0,kristine09201,[],0.0,[],@aleexbala @PopCrave @netflix not this homo fad again plssss,1.3218328752310764e+18,,"[{'screen_name': 'aleexbala', 'name': 'Alex Bala', 'id': 2404095899, 'id_str': '2404095899', 'indices': [0, 10]}, {'screen_name': 'PopCrave', 'name': 'Pop Crave', 'id': 4429003533, 'id_str': '4429003533', 'indices': [11, 20]}, {'screen_name': 'netflix', 'name': 'Netflix', 'id': 16573941, 'id_str': '16573941', 'indices': [21, 29]}]"
Thu Oct 29 15:14:50 +0000 2020,91.0,522.0,_lizard24,[],1.0,[],"New trailer for ‚ÄòThe Crown‚Äô Season 4 streaming on @Netflix November 15th. üëë

 https://t.co/KZswmxodBZ",1.3218328740357857e+18,Chicago,"[{'screen_name': 'PopCrave', 'name': 'Pop Crave', 'id': 4429003533, 'id_str': '4429003533', 'indices': [3, 12]}, {'screen_name': 'netflix', 'name': 'Netflix', 'id': 16573941, 'id_str': '16573941', 'indices': [64, 72]}]"
Thu Oct 29 15:14:48 +0000 2020,168.0,164.0,tv_xmasmoviefan,"[{'text': 'CountdowntoChristmas', 'indices': [161, 182]}, {'text': 'ItsaWonderfulLifetime', 'indices': [183, 205]}]",0.0,[],"A ranking of Netflix's Christmas content by premise alone: https://t.co/PUqZOcYl2w
How did they manage to get @DollyParton away from @hallmarkchannel this year? #CountdowntoChristmas #ItsaWonderfulLifetime @netflix https://t.co/Z300nLTFYd",1.3218328669433037e+18,,"[{'screen_name': 'DollyParton', 'name': 'Dolly Parton', 'id': 14790966, 'id_str': '14790966', 'indices': [110, 122]}, {'screen_name': 'hallmarkchannel', 'name': 'Hallmark Channel', 'id': 25453312, 'id_str': '25453312', 'indices': [133, 149]}, {'screen_name': 'netflix', 'name': 'Netflix', 'id': 16573941, 'id_str': '16573941', 'indices': [206, 214]}]"
Thu Oct 29 15:14:46 +0000 2020,4576.0,3562.0,MrDavidWhelan,[],1.0,[],"Fun fact: There are no hidden cuts in the iconic Poltergeist scene where Diane turns to find her kitchen chairs stacked. As the camera pans to follow her, the crew quickly took the single chairs away and placed a pre-constructed chair pyramid on the table https://t.co/kO4FdWGH5h",1.321832859968176e+18,"Denver, CO","[{'screen_name': 'netflix', 'name': 'Netflix', 'id': 16573941, 'id_str': '16573941', 'indices': [3, 11]}]"
Thu Oct 29 15:14:43 +0000 2020,14.0,131.0,Sneha20984032,[],0.0,[],@NetflixIndia @MrVijayVarma @VarunmThakur Cant see nepokids anymore. They take the position of more deserving ppl. Not fair. Time to bring out a change as soon as possibl. I request @netflix @NetflixIndia to stop promoting their movies nd them.,1.3218328469279334e+18,,"[{'screen_name': 'NetflixIndia', 'name': 'Netflix India', 'id': 4502936240, 'id_str': '4502936240', 'indices': [0, 13]}, {'screen_name': 'MrVijayVarma', 'name': 'Vijay Varma', 'id': 1241833135, 'id_str': '1241833135', 'indices': [14, 27]}, {'screen_name': 'VarunmThakur', 'name': 'Varun Thakur', 'id': 50570785, 'id_str': '50570785', 'indices': [28, 41]}, {'screen_name': 'netflix', 'name': 'Netflix', 'id': 16573941, 'id_str': '16573941', 'indices': [182, 190]}, {'screen_name': 'NetflixIndia', 'name': 'Netflix India', 'id': 4502936240, 'id_str': '4502936240', 'indices': [191, 204]}]"
Thu Oct 29 15:14:29 +0000 2020,48.0,125.0,Termaria2,"[{'text': 'SMTsoonOnNetflix', 'indices': [20, 37]}]",1.0,[],"#SMTsoonOnNetflix

McLisse
@MccoydDeleon @ElisseJoson @starmagicphils @VivaArtists 
@netflix @jphabac https://t.co/nGugQiDdqq",1.3218327863118356e+18,"Makati City, National Capital ","[{'screen_name': 'mylittlelife71', 'name': 'Dory~üë´McLisse‚ù§', 'id': 845886293926043649, 'id_str': '845886293926043649', 'indices': [3, 18]}, {'screen_name': 'MccoydDeleon', 'name': 'Mccoy De Leon', 'id': 62050220, 'id_str': '62050220', 'indices': [47, 60]}, {'screen_name': 'ElisseJoson', 'name': 'Elisse Joson', 'id': 317523246, 'id_str': '317523246', 'indices': [61, 73]}, {'screen_name': 'starmagicphils', 'name': 'Star Magic', 'id': 110674921, 'id_str': '110674921', 'indices': [74, 89]}, {'screen_name': 'VivaArtists', 'name': 'VAA', 'id': 1644626599, 'id_str': '1644626599', 'indices': [90, 102]}, {'screen_name': 'netflix', 'name': 'Netflix', 'id': 16573941, 'id_str': '16573941', 'indices': [104, 112]}, {'screen_name': 'jphabac', 'name': 'JP Habac', 'id': 68641321, 'id_str': '68641321', 'indices': [113, 121]}]"
Thu Oct 29 15:14:27 +0000 2020,767.0,820.0,_lildarryl_,"[{'text': 'AlbanyState', 'indices': [21, 33]}, {'text': 'GrandArmy', 'indices': [86, 96]}]",1.0,[],"#AlbanyState on @netflix: An ASU banner was spotted in Netflix's #GrandArmy. The series offers a look at the experience of Gen Zs in America, including challenges that teens of color commonly face. 

The ASU banner can be found in Season 1, Episode 9, around the 39 minute mark. https://t.co/VXQycvnWFW",1.3218327788712632e+18,"College Park, GA","[{'screen_name': 'AlbanyStateUniv', 'name': 'Albany State University', 'id': 374160270, 'id_str': '374160270', 'indices': [3, 19]}, {'screen_name': 'netflix', 'name': 'Netflix', 'id': 16573941, 'id_str': '16573941', 'indices': [37, 45]}]"
Thu Oct 29 15:14:24 +0000 2020,490.0,771.0,Nonisbitch,[],0.0,[],@Bidiot3 @netflix @Netflix answer us,1.3218327652061798e+18,"17, she/her","[{'screen_name': 'Bidiot3', 'name': 'üåüAryüåü', 'id': 1298698116955136000, 'id_str': '1298698116955136000', 'indices': [0, 8]}, {'screen_name': 'netflix', 'name': 'Netflix', 'id': 16573941, 'id_str': '16573941', 'indices': [9, 17]}, {'screen_name': 'netflix', 'name': 'Netflix', 'id': 16573941, 'id_str': '16573941', 'indices': [18, 26]}]"
Thu Oct 29 15:14:16 +0000 2020,0.0,1.0,DanielBak12,"[{'text': 'intive_insight', 'indices': [12, 27]}, {'text': 'digitalarchitecture', 'indices': [54, 74]}]",1.0,[],"#intive_insight: Planning to improve your #digitalarchitecture or wondering why @Netflix, @Amazon, @Uber migrated to #Microservices? Learn how microservices architecture enables innovative #development while driving #scalability and #performance. More: https://t.co/ahXkSm4sRL https://t.co/aAAP2dKDwh",1.3218327331994706e+18,,"[{'screen_name': 'intive', 'name': 'intive', 'id': 143786149, 'id_str': '143786149', 'indices': [3, 10]}, {'screen_name': 'netflix', 'name': 'Netflix', 'id': 16573941, 'id_str': '16573941', 'indices': [92, 100]}, {'screen_name': 'amazon', 'name': 'Amazon', 'id': 20793816, 'id_str': '20793816', 'indices': [102, 109]}, {'screen_name': 'Uber', 'name': 'Uber', 'id': 19103481, 'id_str': '19103481', 'indices': [111, 116]}]"
Thu Oct 29 15:14:15 +0000 2020,508.0,511.0,giothemegaforce,[],0.0,[],tv shows be having a 3 second intro sequence and @netflix still offers to skip it LOL,1.3218327285312922e+18,"Illinois, USA","[{'screen_name': 'netflix', 'name': 'Netflix', 'id': 16573941, 'id_str': '16573941', 'indices': [49, 57]}]"
Thu Oct 29 15:20:38 +0000 2020,13266.0,13539.0,pezoutlaw,"[{'text': 'Apple', 'indices': [51, 57]}, {'text': 'Disney', 'indices': [58, 65]}, {'text': 'Amazon', 'indices': [66, 73]}, {'text': 'Netflix', 'indices': [74, 82]}, {'text': 'Netflix', 'indices': [114, 122]}, {'text': 'Amazon', 'indices': [123, 130]}]",1.0,[],"Pez Outlaw, ""Notes From The Asylum"" #Apple #Disney #Amazon #Netflix: The Curse of Pez Outlaw Gold  #Netflix #Amazon https://t.co/NqkQkA6jmw",1.3218343327474934e+18,michigan,"[{'screen_name': 'pezoutlaw', 'name': 'Pez Outlaw, sj glew', 'id': 103314561, 'id_str': '103314561', 'indices': [3, 13]}]"
Thu Oct 29 15:20:37 +0000 2020,662.0,861.0,chhayachristie,[],1.0,[],"Received HC Edition of one the greatest Western Graphic Novels by legendary Ed Brubaker &amp; Sean Philips - PULP

Re-reading in Hard Cover Book üôå #Netflix @ImageComics

#SidHearts Wishing that @sidharth_shukla gets to do such amazing stories 

#TrendMasterSidharthShukla https://t.co/rx9Kpkn0ab",1.3218343311035474e+18,,"[{'screen_name': 'Don_4all', 'name': 'Don John‚Ñ¢ ü¶Å', 'id': 1202483991170830336, 'id_str': '1202483991170830336', 'indices': [3, 12]}]"
Thu Oct 29 15:20:33 +0000 2020,13266.0,13539.0,pezoutlaw,"[{'text': 'Apple', 'indices': [51, 57]}, {'text': 'Disney', 'indices': [58, 65]}, {'text': 'Amazon', 'indices': [66, 73]}, {'text': 'Netflix', 'indices': [74, 82]}]",1.0,[],"Pez Outlaw, ""Notes From The Asylum"" #Apple #Disney #Amazon #Netflix: Nothing That a Cup of Coffee n $10,000.00 Won't Fi... https://t.co/OTYs92hvaE",1.3218343122500035e+18,michigan,"[{'screen_name': 'pezoutlaw', 'name': 'Pez Outlaw, sj glew', 'id': 103314561, 'id_str': '103314561', 'indices': [3, 13]}]"
Thu Oct 29 15:20:25 +0000 2020,13266.0,13539.0,pezoutlaw,"[{'text': 'Apple', 'indices': [51, 57]}, {'text': 'Disney', 'indices': [58, 65]}, {'text': 'Amazon', 'indices': [66, 73]}, {'text': 'Netflix', 'indices': [74, 82]}]",1.0,[],"Pez Outlaw, ""Notes From The Asylum"" #Apple #Disney #Amazon #Netflix: The reasons Pez Outlaw was targeted by Pez Corpora... https://t.co/I9Mwsv15wS",1.3218342788801126e+18,michigan,"[{'screen_name': 'pezoutlaw', 'name': 'Pez Outlaw, sj glew', 'id': 103314561, 'id_str': '103314561', 'indices': [3, 13]}]"
Thu Oct 29 15:20:21 +0000 2020,13266.0,13539.0,pezoutlaw,"[{'text': 'Netflix', 'indices': [44, 52]}, {'text': 'Amazon', 'indices': [53, 60]}, {'text': 'pezoutlaw', 'indices': [61, 71]}]",1.0,[],"Tiger King, WHO? PEZ OUTLAW! #Netflix #Amazon #pezoutlaw
They say Fame n Fortune is just over the horizon.
Tomorrows reward has been 20yrs of waiting. https://t.co/Xb5UId8zTe",1.32183426213641e+18,michigan,"[{'screen_name': 'pezoutlaw', 'name': 'Pez Outlaw, sj glew', 'id': 103314561, 'id_str': '103314561', 'indices': [3, 13]}]"
Thu Oct 29 15:20:18 +0000 2020,214.0,540.0,JayVeltri,"[{'text': 'thecrown', 'indices': [25, 34]}, {'text': 'Netflix', 'indices': [35, 43]}, {'text': 'bestshow', 'indices': [44, 53]}, {'text': 'cantwait', 'indices': [54, 63]}]",0.0,[],"Well, DAMN! November 15! #thecrown #Netflix #bestshow #cantwait https://t.co/dsPfqIFIGU",1.3218342508370862e+18,Canada,[]
Thu Oct 29 15:20:15 +0000 2020,13266.0,13539.0,pezoutlaw,"[{'text': 'Netflix', 'indices': [44, 52]}, {'text': 'Amazon', 'indices': [53, 60]}, {'text': 'pez', 'indices': [61, 65]}]",1.0,[],"Tiger King, WHO? PEZ OUTLAW! #Netflix #Amazon #pez... https://t.co/Xb5UId8zTe",1.3218342376584233e+18,michigan,"[{'screen_name': 'pezoutlaw', 'name': 'Pez Outlaw, sj glew', 'id': 103314561, 'id_str': '103314561', 'indices': [3, 13]}]"
Thu Oct 29 15:20:06 +0000 2020,15438.0,3496.0,annebot,"[{'text': 'Signal', 'indices': [77, 84]}, {'text': 'Privacymatters', 'indices': [160, 175]}, {'text': 'OwnYourData', 'indices': [176, 188]}, {'text': 'SocialDilemma', 'indices': [189, 203]}, {'text': 'Netflix', 'indices': [204, 212]}]",0.0,[],"Moxie Marlinspike, the founder of the end-to-end encrypted messaging service #Signal, is ‚Äútrying to bring normality to the Internet.‚Äù

https://t.co/zrQYOsJOoU

#Privacymatters #OwnYourData #SocialDilemma #Netflix",1.321834201398784e+18,"San Francisco, CA",[]
Thu Oct 29 15:20:04 +0000 2020,52.0,109.0,Jhajhria5,"[{'text': 'SeriousMen', 'indices': [83, 94]}, {'text': 'DellXPS', 'indices': [103, 111]}, {'text': 'Netflix', 'indices': [130, 138]}]",1.0,[],"Seriously immersive screen for a seriously immersive film.
Experience #SeriousMen on your #DellXPS, streaming now on #Netflix!

#WatchingIsTheNewEverything #DellIndia #NetflixIndia",1.3218341936602112e+18,Saliwala Hanumangd,"[{'screen_name': 'Dell_IN', 'name': 'Dell_IN', 'id': 39495487, 'id_str': '39495487', 'indices': [3, 11]}]"
Thu Oct 29 15:19:18 +0000 2020,151.0,300.0,JChahahl,"[{'text': 'SeriousMen', 'indices': [83, 94]}, {'text': 'DellXPS', 'indices': [103, 111]}, {'text': 'Netflix', 'indices': [130, 138]}]",1.0,[],"Seriously immersive screen for a seriously immersive film.
Experience #SeriousMen on your #DellXPS, streaming now on #Netflix!

#WatchingIsTheNewEverything #DellIndia #NetflixIndia",1.3218339997365658e+18,,"[{'screen_name': 'Dell_IN', 'name': 'Dell_IN', 'id': 39495487, 'id_str': '39495487', 'indices': [3, 11]}]"
Thu Oct 29 15:19:11 +0000 2020,13266.0,13539.0,pezoutlaw,"[{'text': 'Apple', 'indices': [51, 57]}, {'text': 'Disney', 'indices': [58, 65]}, {'text': 'Amazon', 'indices': [66, 73]}, {'text': 'Netflix', 'indices': [74, 82]}, {'text': 'pezoutlaw', 'indices': [98, 108]}, {'text': 'hollywood', 'indices': [109, 119]}]",1.0,[],"Pez Outlaw, ""Notes From The Asylum"" #Apple #Disney #Amazon #Netflix: Paradox Redux #pezoutlaw #hollywood https://t.co/Yx1W21R6oE",1.3218339705358377e+18,michigan,"[{'screen_name': 'pezoutlaw', 'name': 'Pez Outlaw, sj glew', 'id': 103314561, 'id_str': '103314561', 'indices': [3, 13]}]"
Thu Oct 29 15:19:07 +0000 2020,13266.0,13539.0,pezoutlaw,"[{'text': 'Apple', 'indices': [51, 57]}, {'text': 'Disney', 'indices': [58, 65]}, {'text': 'Amazon', 'indices': [66, 73]}, {'text': 'Netflix', 'indices': [74, 82]}, {'text': 'pezoutlaw', 'indices': [107, 117]}, {'text': 'hollywood', 'indices': [118, 128]}]",1.0,[],"Pez Outlaw, ""Notes From The Asylum"" #Apple #Disney #Amazon #Netflix: Relentless n Shameless #pezoutlaw #hollywood https://t.co/Hq2rBcJz02",1.3218339535824118e+18,michigan,"[{'screen_name': 'pezoutlaw', 'name': 'Pez Outlaw, sj glew', 'id': 103314561, 'id_str': '103314561', 'indices': [3, 13]}]"
Thu Oct 29 15:19:00 +0000 2020,13266.0,13539.0,pezoutlaw,"[{'text': 'Apple', 'indices': [51, 57]}, {'text': 'Disney', 'indices': [58, 65]}, {'text': 'Amazon', 'indices': [66, 73]}, {'text': 'Netflix', 'indices': [74, 82]}, {'text': 'Ne', 'indices': [131, 134]}]",1.0,[],"Pez Outlaw, ""Notes From The Asylum"" #Apple #Disney #Amazon #Netflix: I choose crazy over submission and mediocrity! #Ne... https://t.co/gLzVwSpoGg",1.3218339251953623e+18,michigan,"[{'screen_name': 'pezoutlaw', 'name': 'Pez Outlaw, sj glew', 'id': 103314561, 'id_str': '103314561', 'indices': [3, 13]}]"
Thu Oct 29 15:18:59 +0000 2020,320.0,97.0,sommmm_so,"[{'text': 'TheUmbrellaAcademy', 'indices': [42, 61]}, {'text': 'netflix', 'indices': [62, 70]}, {'text': 'vanyahargreeves', 'indices': [71, 87]}, {'text': 'mcr', 'indices': [88, 92]}, {'text': 'numberseven', 'indices': [93, 105]}]",1.0,[],Missing these halls. ‚ù§Ô∏è‚òÇÔ∏è #TheUmbrellaAcademy #netflix #vanyahargreeves #mcr #numberseven https://t.co/7z80qBXN0W,1.321833918807466e+18,,"[{'screen_name': 'TJMcGibbon', 'name': 'T.J. McGibbon', 'id': 1599244340, 'id_str': '1599244340', 'indices': [3, 14]}]"
Thu Oct 29 15:18:56 +0000 2020,13266.0,13539.0,pezoutlaw,"[{'text': 'Apple', 'indices': [51, 57]}, {'text': 'Disney', 'indices': [58, 65]}, {'text': 'Amazon', 'indices': [66, 73]}, {'text': 'Netflix', 'indices': [74, 82]}, {'text': 'pezoutlaw', 'indices': [98, 108]}, {'text': 'hollywood', 'indices': [109, 119]}, {'text': 'NFTA', 'indices': [120, 125]}]",1.0,[],"Pez Outlaw, ""Notes From The Asylum"" #Apple #Disney #Amazon #Netflix: Underdogology #pezoutlaw #hollywood #NFTA https://t.co/AP3KNYDc1d",1.32183390585131e+18,michigan,"[{'screen_name': 'pezoutlaw', 'name': 'Pez Outlaw, sj glew', 'id': 103314561, 'id_str': '103314561', 'indices': [3, 13]}]"
Thu Oct 29 15:18:51 +0000 2020,13266.0,13539.0,pezoutlaw,"[{'text': 'Apple', 'indices': [51, 57]}, {'text': 'Disney', 'indices': [58, 65]}, {'text': 'Amazon', 'indices': [66, 73]}, {'text': 'Netflix', 'indices': [74, 82]}, {'text': 'pezoutlaw', 'indices': [115, 125]}, {'text': 'hollywood', 'indices': [126, 136]}]",1.0,[],"Pez Outlaw, ""Notes From The Asylum"" #Apple #Disney #Amazon #Netflix: That Guy Follows Me Everywhere #pezoutlaw #hollywood https://t.co/UqI4GJrdz3",1.3218338850097316e+18,michigan,"[{'screen_name': 'pezoutlaw', 'name': 'Pez Outlaw, sj glew', 'id': 103314561, 'id_str': '103314561', 'indices': [3, 13]}]"
Thu Oct 29 15:18:47 +0000 2020,13266.0,13539.0,pezoutlaw,"[{'text': 'Apple', 'indices': [51, 57]}, {'text': 'Disney', 'indices': [58, 65]}, {'text': 'Amazon', 'indices': [66, 73]}, {'text': 'Netflix', 'indices': [74, 82]}, {'text': 'pezoutlaw', 'indices': [110, 120]}, {'text': 'hollywood', 'indices': [121, 131]}]",1.0,[],"Pez Outlaw, ""Notes From The Asylum"" #Apple #Disney #Amazon #Netflix: Functioning Schizophrenic #pezoutlaw #hollywood @p... https://t.co/SNEqIS3YGr",1.321833868861698e+18,michigan,"[{'screen_name': 'pezoutlaw', 'name': 'Pez Outlaw, sj glew', 'id': 103314561, 'id_str': '103314561', 'indices': [3, 13]}, {'screen_name': 'p', 'name': 'paolo i.', 'id': 11046, 'id_str': '11046', 'indices': [132, 134]}]"
Thu Oct 29 15:18:42 +0000 2020,201.0,245.0,cik_fa,"[{'text': 'BayYanlƒ±≈ü', 'indices': [50, 60]}, {'text': 'Netflix', 'indices': [62, 70]}, {'text': 'NetflixTurkey', 'indices': [71, 85]}, {'text': 'NetflixBayYanlƒ±≈ü', 'indices': [116, 133]}]",1.0,[],"It's a sin that they stopped #BayYanlƒ±≈ü! #Netflix #NetflixTurkey be smart enough to get them!

#NetflixBayYanlƒ±≈ü",1.3218338480118047e+18,"Kuala Nerus, Terengganu","[{'screen_name': 'TeixeiraMicaela', 'name': 'Micaela', 'id': 293227336, 'id_str': '293227336', 'indices': [3, 19]}]"
Thu Oct 29 15:18:39 +0000 2020,13266.0,13539.0,pezoutlaw,"[{'text': 'Netflix', 'indices': [50, 58]}, {'text': 'Amazon', 'indices': [59, 66]}, {'text': 'pezoutlaw', 'indices': [67, 77]}]",1.0,[],"Pez Outlaw, 20yr Overnight Success #Netflix #Amazon #pezoutlaw https://t.co/AMZ4Hpq5dD",1.3218338341412946e+18,michigan,"[{'screen_name': 'pezoutlaw', 'name': 'Pez Outlaw, sj glew', 'id': 103314561, 'id_str': '103314561', 'indices': [3, 13]}]"
Thu Oct 29 15:18:34 +0000 2020,13266.0,13539.0,pezoutlaw,"[{'text': 'Apple', 'indices': [51, 57]}, {'text': 'Disney', 'indices': [58, 65]}, {'text': 'Amazon', 'indices': [66, 73]}, {'text': 'Netflix', 'indices': [74, 82]}, {'text': 'Netflix', 'indices': [107, 115]}, {'text': 'Amazon', 'indices': [116, 123]}, {'text': 'pezoutlaw', 'indices': [124, 134]}]",1.0,[],"Pez Outlaw, ""Notes From The Asylum"" #Apple #Disney #Amazon #Netflix: 20yr Overnight Success #Netflix #Amazon #pezoutlaw https://t.co/AMZ4Hpq5dD",1.3218338149355315e+18,michigan,"[{'screen_name': 'pezoutlaw', 'name': 'Pez Outlaw, sj glew', 'id': 103314561, 'id_str': '103314561', 'indices': [3, 13]}]"
Thu Oct 29 15:18:30 +0000 2020,13266.0,13539.0,pezoutlaw,"[{'text': 'Apple', 'indices': [51, 57]}, {'text': 'Disney', 'indices': [58, 65]}, {'text': 'Amazon', 'indices': [66, 73]}, {'text': 'Netflix', 'indices': [74, 82]}, {'text': 'pezoutlaw', 'indices': [120, 130]}, {'text': 'ho', 'indices': [131, 134]}]",1.0,[],"Pez Outlaw, ""Notes From The Asylum"" #Apple #Disney #Amazon #Netflix: Delusional, Well It Must Be Tuesday #pezoutlaw #ho... https://t.co/ki2zlPIFiV",1.321833796002435e+18,michigan,"[{'screen_name': 'pezoutlaw', 'name': 'Pez Outlaw, sj glew', 'id': 103314561, 'id_str': '103314561', 'indices': [3, 13]}]"
Thu Oct 29 15:18:25 +0000 2020,13266.0,13539.0,pezoutlaw,"[{'text': 'Apple', 'indices': [51, 57]}, {'text': 'Disney', 'indices': [58, 65]}, {'text': 'Amazon', 'indices': [66, 73]}, {'text': 'Netflix', 'indices': [74, 82]}, {'text': 'Netflix', 'indices': [114, 122]}, {'text': 'Amazon', 'indices': [123, 130]}, {'text': 'pe', 'indices': [131, 134]}]",1.0,[],"Pez Outlaw, ""Notes From The Asylum"" #Apple #Disney #Amazon #Netflix: Not The Hill I Want To Die On #Netflix #Amazon #pe... https://t.co/mxFH2h7G3n",1.3218337777613824e+18,michigan,"[{'screen_name': 'pezoutlaw', 'name': 'Pez Outlaw, sj glew', 'id': 103314561, 'id_str': '103314561', 'indices': [3, 13]}]"
Thu Oct 29 15:18:24 +0000 2020,181.0,56.0,Kada_soulayman,"[{'text': 'FollowMe', 'indices': [37, 46]}, {'text': 'retweet', 'indices': [52, 60]}, {'text': 'Tweet', 'indices': [66, 72]}, {'text': 'funny', 'indices': [78, 84]}, {'text': 'pets', 'indices': [85, 90]}, {'text': 'followme', 'indices': [91, 100]}, {'text': 'f4f', 'indices': [101, 105]}, {'text': 'c4c', 'indices': [106, 110]}, {'text': 'medicaid', 'indices': [111, 120]}, {'text': 'love', 'indices': [121, 126]}, {'text': 'win', 'indices': [127, 131]}, {'text': 'netflix', 'indices': [132, 140]}, {'text': 'like', 'indices': [141, 146]}, {'text': 'movies', 'indices': [147, 154]}, {'text': 'girl', 'indices': [155, 160]}, {'text': 'competition', 'indices': [161, 173]}, {'text': 'pornography', 'indices': [174, 186]}, {'text': 'contest', 'indices': [187, 195]}, {'text': 'amazing', 'indices': [196, 204]}, {'text': 'style', 'indices': [205, 211]}, {'text': 'photography', 'indices': [212, 224]}, {'text': 'ico', 'indices': [225, 229]}, {'text': 'bitcoin', 'indices': [230, 238]}, {'text': 'giveaway', 'indices': [239, 248]}]",0.0,[],"It's : 2020-10-29T15:18:24.5532147Z 
#FollowMe then #retweet This #Tweet ‚ù§üî• 

#funny #pets #followme #f4f #c4c #medicaid #love #win #netflix #like #movies #girl #competition #pornography #contest #amazing #style #photography #ico #bitcoin #giveaway",1.321833773151957e+18,„Äå  ú·¥è·¥ç·¥á „Äç,[]
Thu Oct 29 15:18:17 +0000 2020,13266.0,13539.0,pezoutlaw,"[{'text': 'Apple', 'indices': [51, 57]}, {'text': 'Disney', 'indices': [58, 65]}, {'text': 'Amazon', 'indices': [66, 73]}, {'text': 'Netflix', 'indices': [74, 82]}, {'text': 'Netflix', 'indices': [106, 114]}, {'text': 'pezoutlaw', 'indices': [115, 125]}, {'text': 'Amazon', 'indices': [126, 133]}]",1.0,[],"Pez Outlaw, ""Notes From The Asylum"" #Apple #Disney #Amazon #Netflix: Elasticity of Reality #Netflix #pezoutlaw #Amazon https://t.co/Ch5a6JA2hE",1.3218337444167352e+18,michigan,"[{'screen_name': 'pezoutlaw', 'name': 'Pez Outlaw, sj glew', 'id': 103314561, 'id_str': '103314561', 'indices': [3, 13]}]"
Thu Oct 29 15:18:13 +0000 2020,13266.0,13539.0,pezoutlaw,"[{'text': 'Apple', 'indices': [51, 57]}, {'text': 'Disney', 'indices': [58, 65]}, {'text': 'Amazon', 'indices': [66, 73]}, {'text': 'Netflix', 'indices': [74, 82]}, {'text': 'Netflix', 'indices': [108, 116]}, {'text': 'Amazon', 'indices': [117, 124]}, {'text': 'pezoutlaw', 'indices': [125, 135]}]",1.0,[],"Pez Outlaw, ""Notes From The Asylum"" #Apple #Disney #Amazon #Netflix: The Impossible, Why Not #Netflix #Amazon #pezoutlaw https://t.co/qJekCQvAuz",1.3218337255842734e+18,michigan,"[{'screen_name': 'pezoutlaw', 'name': 'Pez Outlaw, sj glew', 'id': 103314561, 'id_str': '103314561', 'indices': [3, 13]}]"
Thu Oct 29 15:18:09 +0000 2020,13266.0,13539.0,pezoutlaw,"[{'text': 'Apple', 'indices': [51, 57]}, {'text': 'Disney', 'indices': [58, 65]}, {'text': 'Amazon', 'indices': [66, 73]}, {'text': 'Netflix', 'indices': [74, 82]}, {'text': 'Netflix', 'indices': [94, 102]}, {'text': 'Amazon', 'indices': [103, 110]}, {'text': 'pezoutlaw', 'indices': [111, 121]}]",1.0,[],"Pez Outlaw, ""Notes From The Asylum"" #Apple #Disney #Amazon #Netflix: I Believe #Netflix #Amazon #pezoutlaw https://t.co/9TorMpqs3q",1.3218337098389012e+18,michigan,"[{'screen_name': 'pezoutlaw', 'name': 'Pez Outlaw, sj glew', 'id': 103314561, 'id_str': '103314561', 'indices': [3, 13]}]"
Thu Oct 29 15:18:05 +0000 2020,13266.0,13539.0,pezoutlaw,"[{'text': 'Apple', 'indices': [51, 57]}, {'text': 'Disney', 'indices': [58, 65]}, {'text': 'Amazon', 'indices': [66, 73]}, {'text': 'Netflix', 'indices': [74, 82]}, {'text': 'Netflix', 'indices': [116, 124]}, {'text': 'pezoutla', 'indices': [125, 134]}]",1.0,[],"Pez Outlaw, ""Notes From The Asylum"" #Apple #Disney #Amazon #Netflix: Pez Outlaw Will Not Disappoint  #Netflix #pezoutla... https://t.co/PMQxMedIWq",1.321833691845337e+18,michigan,"[{'screen_name': 'pezoutlaw', 'name': 'Pez Outlaw, sj glew', 'id': 103314561, 'id_str': '103314561', 'indices': [3, 13]}]"
Thu Oct 29 15:17:57 +0000 2020,13266.0,13539.0,pezoutlaw,"[{'text': 'Apple', 'indices': [51, 57]}, {'text': 'Disney', 'indices': [58, 65]}, {'text': 'Amazon', 'indices': [66, 73]}, {'text': 'Netflix', 'indices': [74, 82]}, {'text': 'Netflix', 'indices': [112, 120]}, {'text': 'pezoutlaw', 'indices': [121, 131]}, {'text': 'A', 'indices': [132, 134]}]",1.0,[],"Pez Outlaw, ""Notes From The Asylum"" #Apple #Disney #Amazon #Netflix: Out Of Darkness, Pez Outlaw #Netflix #pezoutlaw #A... https://t.co/YhUmkv9f2A",1.321833659561775e+18,michigan,"[{'screen_name': 'pezoutlaw', 'name': 'Pez Outlaw, sj glew', 'id': 103314561, 'id_str': '103314561', 'indices': [3, 13]}]"
Thu Oct 29 15:17:54 +0000 2020,21315.0,2701.0,PinaysInShowbiz,"[{'text': 'CathyAng', 'indices': [94, 103]}, {'text': 'OverTheMoon', 'indices': [104, 116]}, {'text': 'JulieAnneSanJose', 'indices': [117, 134]}, {'text': 'Netflix', 'indices': [136, 144]}]",0.0,[],"Cathy Ang Praises Julie Ann San Jose‚Äôs Cover Of ‚ÄúRocket To The Moon‚Äù https://t.co/rSjJXKEvgU

#CathyAng
#OverTheMoon
#JulieAnneSanJose 
#Netflix",1.3218336483337052e+18,USA,[]
Thu Oct 29 15:17:52 +0000 2020,13266.0,13539.0,pezoutlaw,"[{'text': 'Apple', 'indices': [51, 57]}, {'text': 'Disney', 'indices': [58, 65]}, {'text': 'Amazon', 'indices': [66, 73]}, {'text': 'Netflix', 'indices': [74, 82]}, {'text': 'Netflix', 'indices': [116, 124]}, {'text': 'Amazon', 'indices': [125, 132]}]",1.0,[],"Pez Outlaw, ""Notes From The Asylum"" #Apple #Disney #Amazon #Netflix: Money won't make me happy?????? #Netflix #Amazon #... https://t.co/0AUWWg6lEf",1.3218336381037076e+18,michigan,"[{'screen_name': 'pezoutlaw', 'name': 'Pez Outlaw, sj glew', 'id': 103314561, 'id_str': '103314561', 'indices': [3, 13]}]"
Thu Oct 29 15:17:52 +0000 2020,812.0,1252.0,KatharinaSpraul,"[{'text': 'Kdrama', 'indices': [55, 62]}, {'text': 'netflix', 'indices': [74, 82]}]",0.0,[],"@herman08015 You could start exploring the universe of #Kdrama - those on #netflix mainly feature people sitting alone at home eating (sounds familiar?), spiced up by aliens or time travel or dream travel or artificial intelligence üòÖ https://t.co/vYtzxYd6xg",1.321833636543533e+18,"Kaiserslautern, Germany","[{'screen_name': 'herman08015', 'name': 'georg wernicke', 'id': 236122410, 'id_str': '236122410', 'indices': [0, 12]}]"
Thu Oct 29 15:17:48 +0000 2020,13266.0,13539.0,pezoutlaw,"[{'text': 'Apple', 'indices': [51, 57]}, {'text': 'Disney', 'indices': [58, 65]}, {'text': 'Amazon', 'indices': [66, 73]}, {'text': 'Netflix', 'indices': [74, 82]}, {'text': 'Netflix', 'indices': [122, 130]}, {'text': 'Ap', 'indices': [131, 134]}]",1.0,[],"Pez Outlaw, ""Notes From The Asylum"" #Apple #Disney #Amazon #Netflix: Fame for Pez Outlaw, obscurity for me #Netflix #Ap... https://t.co/gV3yc0nqLq",1.3218336221149798e+18,michigan,"[{'screen_name': 'pezoutlaw', 'name': 'Pez Outlaw, sj glew', 'id': 103314561, 'id_str': '103314561', 'indices': [3, 13]}]"
Thu Oct 29 15:17:45 +0000 2020,13266.0,13539.0,pezoutlaw,"[{'text': 'Apple', 'indices': [51, 57]}, {'text': 'Disney', 'indices': [58, 65]}, {'text': 'Amazon', 'indices': [66, 73]}, {'text': 'Netflix', 'indices': [74, 82]}, {'text': 'Netflix', 'indices': [116, 124]}, {'text': 'Apple', 'indices': [125, 131]}, {'text': 'A', 'indices': [132, 134]}]",1.0,[],"Pez Outlaw, ""Notes From The Asylum"" #Apple #Disney #Amazon #Netflix: ""When the highway goes through"" #Netflix #Apple #A... https://t.co/iihBBaAexU",1.321833607741145e+18,michigan,"[{'screen_name': 'pezoutlaw', 'name': 'Pez Outlaw, sj glew', 'id': 103314561, 'id_str': '103314561', 'indices': [3, 13]}]"
Thu Oct 29 15:17:43 +0000 2020,63238.0,19647.0,theversion,"[{'text': 'TheCrown', 'indices': [62, 71]}, {'text': 'Netflix', 'indices': [72, 80]}]",0.0,[],"Gillian Anderson shines in new Netflix trailer for The Crown

#TheCrown #Netflix https://t.co/mMBWoyczUR",1.321833601550504e+18,United Kingdom,[]
Thu Oct 29 15:17:38 +0000 2020,13266.0,13539.0,pezoutlaw,"[{'text': 'Apple', 'indices': [51, 57]}, {'text': 'Disney', 'indices': [58, 65]}, {'text': 'Amazon', 'indices': [66, 73]}, {'text': 'Netflix', 'indices': [74, 82]}, {'text': 'Netflix', 'indices': [95, 103]}, {'text': 'pezoutlaw', 'indices': [104, 114]}, {'text': 'Amazon', 'indices': [115, 122]}]",1.0,[],"Pez Outlaw, ""Notes From The Asylum"" #Apple #Disney #Amazon #Netflix: Edumacated #Netflix #pezoutlaw #Amazon https://t.co/sfiIQZSHJc",1.3218335800418918e+18,michigan,"[{'screen_name': 'pezoutlaw', 'name': 'Pez Outlaw, sj glew', 'id': 103314561, 'id_str': '103314561', 'indices': [3, 13]}]"
Thu Oct 29 15:17:36 +0000 2020,0.0,36.0,malkani_singh,"[{'text': 'SeriousMen', 'indices': [83, 94]}, {'text': 'DellXPS', 'indices': [103, 111]}, {'text': 'Netflix', 'indices': [130, 138]}]",1.0,[],"Seriously immersive screen for a seriously immersive film.
Experience #SeriousMen on your #DellXPS, streaming now on #Netflix!

#WatchingIsTheNewEverything #DellIndia #NetflixIndia",1.321833571808473e+18,,"[{'screen_name': 'Dell_IN', 'name': 'Dell_IN', 'id': 39495487, 'id_str': '39495487', 'indices': [3, 11]}]"
Thu Oct 29 15:17:33 +0000 2020,13266.0,13539.0,pezoutlaw,"[{'text': 'Apple', 'indices': [51, 57]}, {'text': 'Disney', 'indices': [58, 65]}, {'text': 'Amazon', 'indices': [66, 73]}, {'text': 'Netflix', 'indices': [74, 82]}, {'text': 'Netflix', 'indices': [113, 121]}, {'text': 'Apple', 'indices': [122, 128]}, {'text': 'Amaz', 'indices': [129, 134]}]",1.0,[],"Pez Outlaw, ""Notes From The Asylum"" #Apple #Disney #Amazon #Netflix: Insanity is Only Perspective #Netflix #Apple #Amaz... https://t.co/Rlbg9pzSqO",1.3218335585041408e+18,michigan,"[{'screen_name': 'pezoutlaw', 'name': 'Pez Outlaw, sj glew', 'id': 103314561, 'id_str': '103314561', 'indices': [3, 13]}]"
Thu Oct 29 15:17:30 +0000 2020,13266.0,13539.0,pezoutlaw,"[{'text': 'Apple', 'indices': [51, 57]}, {'text': 'Disney', 'indices': [58, 65]}, {'text': 'Amazon', 'indices': [66, 73]}, {'text': 'Netflix', 'indices': [74, 82]}, {'text': 'Netflix', 'indices': [101, 109]}, {'text': 'Apple', 'indices': [110, 116]}, {'text': 'Amazon', 'indices': [117, 124]}, {'text': 'Disney', 'indices': [125, 132]}]",1.0,[],"Pez Outlaw, ""Notes From The Asylum"" #Apple #Disney #Amazon #Netflix: We Dream Of More #Netflix #Apple #Amazon #Disney https://t.co/xtabQ4HtuE",1.3218335439415828e+18,michigan,"[{'screen_name': 'pezoutlaw', 'name': 'Pez Outlaw, sj glew', 'id': 103314561, 'id_str': '103314561', 'indices': [3, 13]}]"
Thu Oct 29 15:17:28 +0000 2020,1331.0,3785.0,HectorLuisAlamo,"[{'text': 'SelenaTheSeries', 'indices': [101, 117]}, {'text': 'Netflix', 'indices': [118, 126]}]",1.0,[],Remember when Selena was a brown girl? asks @HectorLuisAlamo https://t.co/sp78sssAPo #SelenaTheSeries #Netflix,1.3218335378137047e+18,Chicago to Vegas,"[{'screen_name': 'enclavemag', 'name': 'Enclave', 'id': 793489953208446977, 'id_str': '793489953208446977', 'indices': [3, 14]}, {'screen_name': 'HectorLuisAlamo', 'name': 'Hector Luis Alamo', 'id': 45967689, 'id_str': '45967689', 'indices': [60, 76]}]"
Thu Oct 29 15:17:23 +0000 2020,13266.0,13539.0,pezoutlaw,"[{'text': 'Apple', 'indices': [51, 57]}, {'text': 'Disney', 'indices': [58, 65]}, {'text': 'Amazon', 'indices': [66, 73]}, {'text': 'Netflix', 'indices': [74, 82]}, {'text': 'Netflix', 'indices': [107, 115]}, {'text': 'Apple', 'indices': [116, 122]}, {'text': 'Amazon', 'indices': [123, 130]}, {'text': 'Di', 'indices': [131, 134]}]",1.0,[],"Pez Outlaw, ""Notes From The Asylum"" #Apple #Disney #Amazon #Netflix: Snakes On The Ceiling  #Netflix #Apple #Amazon #Di... https://t.co/ZoSnH1eQFQ",1.3218335154161295e+18,michigan,"[{'screen_name': 'pezoutlaw', 'name': 'Pez Outlaw, sj glew', 'id': 103314561, 'id_str': '103314561', 'indices': [3, 13]}]"
Thu Oct 29 15:17:19 +0000 2020,13266.0,13539.0,pezoutlaw,"[{'text': 'Apple', 'indices': [51, 57]}, {'text': 'Disney', 'indices': [58, 65]}, {'text': 'Amazon', 'indices': [66, 73]}, {'text': 'Netflix', 'indices': [74, 82]}, {'text': 'pezoutlaw', 'indices': [94, 104]}, {'text': 'hollywood', 'indices': [105, 115]}]",1.0,[],"Pez Outlaw, ""Notes From The Asylum"" #Apple #Disney #Amazon #Netflix: ""Normal""  #pezoutlaw #hollywood https://t.co/9K1IQwCFh9",1.3218334986808525e+18,michigan,"[{'screen_name': 'pezoutlaw', 'name': 'Pez Outlaw, sj glew', 'id': 103314561, 'id_str': '103314561', 'indices': [3, 13]}]"
Thu Oct 29 15:17:14 +0000 2020,13266.0,13539.0,pezoutlaw,"[{'text': 'Apple', 'indices': [51, 57]}, {'text': 'Disney', 'indices': [58, 65]}, {'text': 'Amazon', 'indices': [66, 73]}, {'text': 'Netflix', 'indices': [74, 82]}, {'text': 'Netflix', 'indices': [102, 110]}, {'text': 'Apple', 'indices': [111, 117]}, {'text': 'Amazon', 'indices': [118, 125]}, {'text': 'Disney', 'indices': [126, 133]}]",1.0,[],"Pez Outlaw, ""Notes From The Asylum"" #Apple #Disney #Amazon #Netflix: Truth is Fungible.#Netflix #Apple #Amazon #Disney https://t.co/zK9aS9M1Cc",1.3218334801671946e+18,michigan,"[{'screen_name': 'pezoutlaw', 'name': 'Pez Outlaw, sj glew', 'id': 103314561, 'id_str': '103314561', 'indices': [3, 13]}]"
Thu Oct 29 15:17:11 +0000 2020,1047.0,69.0,PSHAngelShinHye,"[{'text': 'ParkShinHye', 'indices': [124, 136]}, {'text': 'Î∞ïÏã†Ìòú', 'indices': [137, 141]}, {'text': '‡∏û‡∏±‡∏Ñ‡∏ä‡∏¥‡∏ô‡∏Æ‡πÄ‡∏¢', 'indices': [142, 152]}, {'text': 'TheCall', 'indices': [153, 161]}, {'text': 'Call', 'indices': [162, 167]}, {'text': 'ÏΩú', 'indices': [168, 170]}, {'text': 'Netflix', 'indices': [171, 179]}]",0.0,[],"[HD] Trailer Watch: Park Shin-Hye And Jun Jong-Seo Play Frenemies In Time Travel Thriller The Call
https://t.co/1CQHSpUF27

#ParkShinHye #Î∞ïÏã†Ìòú #‡∏û‡∏±‡∏Ñ‡∏ä‡∏¥‡∏ô‡∏Æ‡πÄ‡∏¢ #TheCall #Call #ÏΩú #Netflix https://t.co/0npWSYR1Kb",1.321833466837799e+18,PSH's Heart,[]
Thu Oct 29 15:17:11 +0000 2020,13266.0,13539.0,pezoutlaw,"[{'text': 'Apple', 'indices': [51, 57]}, {'text': 'Disney', 'indices': [58, 65]}, {'text': 'Amazon', 'indices': [66, 73]}, {'text': 'Netflix', 'indices': [74, 82]}, {'text': 'pezoutlaw', 'indices': [116, 126]}, {'text': 'hollywood', 'indices': [127, 137]}]",1.0,[],"Pez Outlaw, ""Notes From The Asylum"" #Apple #Disney #Amazon #Netflix: When Captain Kangaroo Was COOL! #pezoutlaw #hollywood https://t.co/kSc8Ohit3G",1.3218334648579932e+18,michigan,"[{'screen_name': 'pezoutlaw', 'name': 'Pez Outlaw, sj glew', 'id': 103314561, 'id_str': '103314561', 'indices': [3, 13]}]"
Thu Oct 29 15:17:02 +0000 2020,13266.0,13539.0,pezoutlaw,"[{'text': 'Apple', 'indices': [51, 57]}, {'text': 'Disney', 'indices': [58, 65]}, {'text': 'Amazon', 'indices': [66, 73]}, {'text': 'Netflix', 'indices': [74, 82]}, {'text': 'Netflix', 'indices': [105, 113]}, {'text': 'Apple', 'indices': [114, 120]}, {'text': 'Amazon', 'indices': [121, 128]}]",1.0,[],"Pez Outlaw, ""Notes From The Asylum"" #Apple #Disney #Amazon #Netflix: My Beard Took A Left #Netflix #Apple #Amazon https://t.co/6wR8lTu9P0",1.3218334300830065e+18,michigan,"[{'screen_name': 'pezoutlaw', 'name': 'Pez Outlaw, sj glew', 'id': 103314561, 'id_str': '103314561', 'indices': [3, 13]}]"
Thu Oct 29 15:16:58 +0000 2020,13266.0,13539.0,pezoutlaw,"[{'text': 'Apple', 'indices': [51, 57]}, {'text': 'Disney', 'indices': [58, 65]}, {'text': 'Amazon', 'indices': [66, 73]}, {'text': 'Netflix', 'indices': [74, 82]}, {'text': 'pezoutlaw', 'indices': [107, 117]}, {'text': 'hollywood', 'indices': [118, 128]}]",1.0,[],"Pez Outlaw, ""Notes From The Asylum"" #Apple #Disney #Amazon #Netflix: Incident at the Asylum #pezoutlaw #hollywood @pezo... https://t.co/9OcD7weT22",1.3218334109737615e+18,michigan,"[{'screen_name': 'pezoutlaw', 'name': 'Pez Outlaw, sj glew', 'id': 103314561, 'id_str': '103314561', 'indices': [3, 13]}, {'screen_name': 'pezo', 'name': 'pezo', 'id': 10055692, 'id_str': '10055692', 'indices': [129, 134]}]"
Thu Oct 29 15:16:54 +0000 2020,13266.0,13539.0,pezoutlaw,"[{'text': 'Apple', 'indices': [51, 57]}, {'text': 'Disney', 'indices': [58, 65]}, {'text': 'Amazon', 'indices': [66, 73]}, {'text': 'Netflix', 'indices': [74, 82]}, {'text': 'Netflix', 'indices': [108, 116]}, {'text': 'Apple', 'indices': [117, 123]}, {'text': 'Amazon', 'indices': [124, 131]}, {'text': 'D', 'indices': [132, 134]}]",1.0,[],"Pez Outlaw, ""Notes From The Asylum"" #Apple #Disney #Amazon #Netflix: Another Day in Paradise #Netflix #Apple #Amazon #D... https://t.co/lzcKSI6eXT",1.321833394133586e+18,michigan,"[{'screen_name': 'pezoutlaw', 'name': 'Pez Outlaw, sj glew', 'id': 103314561, 'id_str': '103314561', 'indices': [3, 13]}]"
Thu Oct 29 15:16:50 +0000 2020,13266.0,13539.0,pezoutlaw,"[{'text': 'Apple', 'indices': [51, 57]}, {'text': 'Disney', 'indices': [58, 65]}, {'text': 'Amazon', 'indices': [66, 73]}, {'text': 'Netflix', 'indices': [74, 82]}, {'text': 'Netflix', 'indices': [105, 113]}, {'text': 'Apple', 'indices': [114, 120]}, {'text': 'Amazon', 'indices': [121, 128]}, {'text': 'Disney', 'indices': [129, 136]}]",1.0,[],"Pez Outlaw, ""Notes From The Asylum"" #Apple #Disney #Amazon #Netflix: Asylum Crack Weasel  #Netflix #Apple #Amazon #Disney https://t.co/NNGoQGeaN4",1.321833377574445e+18,michigan,"[{'screen_name': 'pezoutlaw', 'name': 'Pez Outlaw, sj glew', 'id': 103314561, 'id_str': '103314561', 'indices': [3, 13]}]"
Thu Oct 29 15:16:47 +0000 2020,3845.0,3148.0,enclavemag,"[{'text': 'SelenaTheSeries', 'indices': [85, 101]}, {'text': 'Netflix', 'indices': [102, 110]}]",0.0,[],Remember when Selena was a brown girl? asks @HectorLuisAlamo https://t.co/sp78sssAPo #SelenaTheSeries #Netflix,1.321833364345688e+18,New York & Las Vegas,"[{'screen_name': 'HectorLuisAlamo', 'name': 'Hector Luis Alamo', 'id': 45967689, 'id_str': '45967689', 'indices': [44, 60]}]"
Thu Oct 29 15:16:40 +0000 2020,13266.0,13539.0,pezoutlaw,"[{'text': 'Apple', 'indices': [51, 57]}, {'text': 'Disney', 'indices': [58, 65]}, {'text': 'Amazon', 'indices': [66, 73]}, {'text': 'Netflix', 'indices': [74, 82]}, {'text': 'pezoutlaw', 'indices': [114, 124]}, {'text': 'hollywoo', 'indices': [125, 134]}]",1.0,[],"Pez Outlaw, ""Notes From The Asylum"" #Apple #Disney #Amazon #Netflix: Gabby Hayes King of Sidekicks #pezoutlaw #hollywoo... https://t.co/4ASFXtpvHg",1.3218333372546335e+18,michigan,"[{'screen_name': 'pezoutlaw', 'name': 'Pez Outlaw, sj glew', 'id': 103314561, 'id_str': '103314561', 'indices': [3, 13]}]"
